{
  "tabSize": 2,
  "indentSize": 2,
  "convertTabsToSpaces": true,
  "insertSpaceAfterCommaDelimiter": true,
  "insertSpaceAfterSemicolonInForStatements": true,
  "insertSpaceBeforeAndAfterBinaryOperators": true,
  "insertSpaceAfterKeywordsInControlFlowStatements": true,
  "insertSpaceAfterFunctionKeywordForAnonymousFunctions": true,
  "insertSpaceAfterOpeningAndBeforeClosingNonemptyParenthesis": false,
  "insertSpaceAfterOpeningAndBeforeClosingNonemptyBrackets": false,
  "insertSpaceAfterOpeningAndBeforeClosingTemplateStringBraces": false,
  "insertSpaceBeforeFunctionParenthesis": false,
  "placeOpenBraceOnNewLineForFunctions": false,
  "placeOpenBraceOnNewLineForControlBlocks": false
}
